candidate_id,structure_id,is_representative
arc_0373,structure_0001,1
arc_0306,structure_0002,1
arc_0992,structure_0003,1
arc_0593,structure_0004,1
arc_1007,structure_0005,1
arc_0371,structure_0006,1
arc_0341,structure_0007,1
arc_0424,structure_0008,1
arc_0370,structure_0009,1
arc_1103,structure_0010,1
arc_1250,structure_0011,1
arc_0235,structure_0012,1
arc_1214,structure_0013,1
arc_0522,structure_0014,1
arc_0037,structure_0015,1
arc_0308,structure_0016,1
arc_1031,structure_0017,1
arc_0404,structure_0018,1
arc_0752,structure_0019,1
arc_0605,structure_0020,1
arc_0284,structure_0021,1
arc_1039,structure_0022,1
arc_1088,structure_0023,1
arc_0859,structure_0024,1
arc_1234,structure_0025,1
arc_0756,structure_0026,1
arc_0274,structure_0027,1
arc_0437,structure_0028,1
arc_1108,structure_0029,1
arc_0982,structure_0030,1
arc_0304,structure_0031,1
arc_0421,structure_0032,1
arc_0753,structure_0033,1
arc_0506,structure_0034,1
arc_1121,structure_0035,1
arc_0720,structure_0036,1
arc_0210,structure_0037,1
arc_1092,structure_0038,1
arc_1081,structure_0039,1
arc_0145,structure_0040,1
arc_0795,structure_0041,1
arc_0445,structure_0042,1
arc_0687,structure_0043,1
arc_0769,structure_0044,1
arc_0761,structure_0045,1
arc_0281,structure_0046,1
arc_0480,structure_0047,1
arc_0981,structure_0048,1
arc_0472,structure_0049,1
arc_0278,structure_0050,1
arc_0351,structure_0051,1
arc_0674,structure_0052,1
arc_0767,structure_0053,1
arc_0443,structure_0054,1
arc_0155,structure_0055,1
arc_0440,structure_0056,1
arc_0215,structure_0057,1
arc_0650,structure_0058,1
arc_0275,structure_0058,0
arc_0276,structure_0058,0
arc_0790,structure_0059,1
arc_0394,structure_0060,1
arc_0027,structure_0061,1
arc_0783,structure_0062,1
arc_0428,structure_0063,1
arc_0654,structure_0064,1
arc_1126,structure_0065,1
arc_1105,structure_0066,1
arc_1095,structure_0067,1
arc_0513,structure_0068,1
arc_1235,structure_0069,1
arc_0847,structure_0070,1
arc_0136,structure_0071,1
arc_0166,structure_0072,1
arc_1093,structure_0073,1
arc_0002,structure_0074,1
arc_0584,structure_0075,1
arc_0442,structure_0076,1
arc_1206,structure_0077,1
arc_0697,structure_0078,1
arc_1174,structure_0079,1
arc_1253,structure_0080,1
arc_0799,structure_0081,1
arc_0788,structure_0082,1
arc_1091,structure_0083,1
arc_0828,structure_0084,1
arc_0343,structure_0085,1
arc_0719,structure_0086,1
arc_1030,structure_0087,1
arc_0899,structure_0088,1
arc_0896,structure_0088,0
arc_0209,structure_0089,1
arc_1166,structure_0090,1
arc_0801,structure_0091,1
arc_0544,structure_0092,1
arc_0444,structure_0093,1
arc_0466,structure_0094,1
arc_1171,structure_0095,1
arc_0216,structure_0096,1
arc_0646,structure_0097,1
arc_0433,structure_0098,1
arc_0779,structure_0099,1
arc_0279,structure_0100,1
arc_0655,structure_0101,1
arc_0469,structure_0102,1
arc_0265,structure_0103,1
arc_0785,structure_0104,1
arc_1035,structure_0105,1
arc_0680,structure_0106,1
arc_0164,structure_0107,1
arc_0282,structure_0108,1
arc_0763,structure_0109,1
arc_1195,structure_0110,1
arc_0892,structure_0111,1
arc_1161,structure_0112,1
arc_0473,structure_0113,1
arc_1246,structure_0114,1
arc_0126,structure_0115,1
arc_0412,structure_0116,1
arc_0951,structure_0117,1
arc_0422,structure_0118,1
arc_0813,structure_0119,1
arc_0778,structure_0120,1
arc_0453,structure_0121,1
arc_0475,structure_0122,1
arc_1192,structure_0123,1
arc_0578,structure_0124,1
arc_0820,structure_0125,1
arc_1067,structure_0126,1
arc_0087,structure_0127,1
arc_0777,structure_0128,1
arc_0110,structure_0129,1
arc_0755,structure_0130,1
arc_0491,structure_0131,1
arc_1280,structure_0132,1
arc_1202,structure_0133,1
arc_0016,structure_0134,1
arc_0400,structure_0135,1
arc_0771,structure_0136,1
arc_1116,structure_0137,1
arc_0217,structure_0138,1
arc_0211,structure_0139,1
arc_1182,structure_0140,1
arc_0860,structure_0141,1
arc_0436,structure_0142,1
arc_0682,structure_0143,1
arc_0212,structure_0144,1
arc_0232,structure_0145,1
arc_1190,structure_0146,1
arc_1019,structure_0147,1
arc_0390,structure_0148,1
arc_0227,structure_0149,1
arc_0379,structure_0150,1
arc_1123,structure_0151,1
arc_0094,structure_0152,1
arc_0747,structure_0153,1
arc_0994,structure_0154,1
arc_0821,structure_0155,1
arc_1291,structure_0156,1
arc_0313,structure_0157,1
arc_0685,structure_0158,1
arc_0356,structure_0159,1
arc_0336,structure_0160,1
arc_0560,structure_0161,1
arc_0289,structure_0162,1
arc_0592,structure_0163,1
arc_0591,structure_0163,0
arc_0101,structure_0164,1
arc_0347,structure_0165,1
arc_0337,structure_0166,1
arc_0636,structure_0167,1
arc_0044,structure_0168,1
arc_0254,structure_0169,1
arc_0757,structure_0170,1
arc_1098,structure_0171,1
arc_0256,structure_0172,1
arc_1222,structure_0173,1
arc_0835,structure_0174,1
arc_0392,structure_0175,1
arc_1213,structure_0176,1
arc_0725,structure_0177,1
arc_0950,structure_0178,1
arc_0090,structure_0179,1
arc_0102,structure_0180,1
arc_0218,structure_0181,1
arc_0852,structure_0182,1
arc_1162,structure_0183,1
arc_1173,structure_0184,1
arc_1301,structure_0185,1
arc_0291,structure_0186,1
arc_0851,structure_0187,1
arc_0013,structure_0188,1
arc_0865,structure_0189,1
arc_0070,structure_0190,1
arc_0807,structure_0191,1
arc_0248,structure_0192,1
arc_0886,structure_0193,1
arc_0576,structure_0194,1
arc_0787,structure_0195,1
arc_0441,structure_0196,1
arc_0423,structure_0197,1
arc_1119,structure_0198,1
arc_1128,structure_0199,1
arc_0221,structure_0200,1
arc_0137,structure_0201,1
arc_1306,structure_0202,1
arc_0073,structure_0203,1
arc_1236,structure_0204,1
arc_0987,structure_0205,1
arc_1289,structure_0206,1
arc_1107,structure_0207,1
arc_1220,structure_0208,1
arc_1064,structure_0209,1
arc_0420,structure_0210,1
arc_0483,structure_0211,1
arc_0698,structure_0212,1
arc_1242,structure_0213,1
arc_0419,structure_0213,0
arc_0228,structure_0214,1
arc_0034,structure_0215,1
arc_0035,structure_0215,0
arc_0305,structure_0216,1
arc_1153,structure_0217,1
arc_0608,structure_0218,1
arc_0213,structure_0219,1
arc_0500,structure_0220,1
arc_0949,structure_0221,1
arc_1197,structure_0222,1
arc_0471,structure_0223,1
arc_0998,structure_0224,1
arc_0762,structure_0225,1
arc_0758,structure_0226,1
arc_0247,structure_0227,1
arc_0154,structure_0228,1
arc_0945,structure_0229,1
arc_0083,structure_0230,1
arc_0111,structure_0231,1
arc_0871,structure_0232,1
arc_0934,structure_0233,1
arc_0015,structure_0234,1
arc_1177,structure_0235,1
arc_1023,structure_0236,1
arc_0041,structure_0237,1
arc_0112,structure_0238,1
arc_1165,structure_0239,1
arc_0093,structure_0240,1
arc_0915,structure_0241,1
arc_1043,structure_0242,1
arc_0908,structure_0243,1
arc_0199,structure_0244,1
arc_0057,structure_0245,1
arc_0152,structure_0246,1
arc_1141,structure_0247,1
arc_1183,structure_0248,1
arc_1196,structure_0249,1
arc_0479,structure_0250,1
arc_0885,structure_0251,1
arc_1022,structure_0252,1
arc_0710,structure_0253,1
arc_0501,structure_0254,1
arc_0361,structure_0255,1
arc_1304,structure_0256,1
arc_1203,structure_0257,1
arc_1233,structure_0258,1
arc_1038,structure_0259,1
arc_0061,structure_0260,1
arc_1040,structure_0261,1
arc_0849,structure_0262,1
arc_0897,structure_0263,1
arc_0547,structure_0264,1
arc_0575,structure_0264,0
arc_1160,structure_0265,1
arc_0036,structure_0266,1
arc_0600,structure_0267,1
arc_0760,structure_0268,1
arc_0858,structure_0269,1
arc_0625,structure_0270,1
arc_1104,structure_0271,1
arc_0366,structure_0272,1
arc_0844,structure_0273,1
arc_0292,structure_0274,1
arc_0673,structure_0275,1
arc_0618,structure_0276,1
arc_0955,structure_0277,1
arc_0640,structure_0278,1
arc_0666,structure_0279,1
arc_0864,structure_0280,1
arc_0267,structure_0281,1
arc_0283,structure_0282,1
arc_0688,structure_0283,1
arc_0660,structure_0284,1
arc_1221,structure_0285,1
arc_0723,structure_0286,1
arc_0458,structure_0287,1
arc_0652,structure_0288,1
arc_0715,structure_0289,1
arc_0160,structure_0290,1
arc_1083,structure_0291,1
arc_0380,structure_0292,1
arc_1264,structure_0293,1
arc_0352,structure_0294,1
arc_0606,structure_0295,1
arc_1193,structure_0296,1
arc_0407,structure_0297,1
arc_0353,structure_0298,1
arc_0542,structure_0299,1
arc_1205,structure_0300,1
arc_1181,structure_0301,1
arc_0551,structure_0302,1
arc_0845,structure_0303,1
arc_0889,structure_0304,1
arc_0737,structure_0305,1
arc_1132,structure_0306,1
arc_0979,structure_0307,1
arc_0255,structure_0308,1
arc_0174,structure_0309,1
arc_0173,structure_0309,0
arc_0594,structure_0310,1
arc_0699,structure_0311,1
arc_0780,structure_0312,1
arc_0426,structure_0313,1
arc_0107,structure_0314,1
arc_0990,structure_0315,1
arc_0607,structure_0316,1
arc_0099,structure_0317,1
arc_0884,structure_0318,1
arc_1185,structure_0319,1
arc_1248,structure_0320,1
arc_0435,structure_0321,1
arc_0574,structure_0322,1
arc_1078,structure_0323,1
arc_0103,structure_0324,1
arc_0726,structure_0325,1
arc_1148,structure_0326,1
arc_1037,structure_0327,1
arc_0748,structure_0328,1
arc_0434,structure_0329,1
arc_0921,structure_0330,1
arc_0106,structure_0331,1
arc_1124,structure_0332,1
arc_0058,structure_0333,1
arc_0818,structure_0334,1
arc_0389,structure_0335,1
arc_0645,structure_0336,1
arc_0515,structure_0337,1
arc_0683,structure_0338,1
arc_0062,structure_0339,1
arc_0695,structure_0340,1
arc_1240,structure_0341,1
arc_1036,structure_0342,1
arc_1187,structure_0343,1
arc_0518,structure_0344,1
arc_1052,structure_0345,1
arc_1006,structure_0346,1
arc_0095,structure_0347,1
arc_0315,structure_0348,1
arc_0707,structure_0349,1
arc_0208,structure_0350,1
arc_0796,structure_0351,1
arc_0415,structure_0352,1
arc_0505,structure_0353,1
arc_0461,structure_0354,1
arc_0416,structure_0355,1
arc_0754,structure_0356,1
arc_0158,structure_0357,1
arc_0022,structure_0358,1
arc_0533,structure_0359,1
arc_1056,structure_0360,1
arc_0031,structure_0361,1
arc_1284,structure_0362,1
arc_0071,structure_0363,1
arc_0162,structure_0364,1
arc_1168,structure_0365,1
arc_0651,structure_0366,1
arc_1273,structure_0367,1
arc_0067,structure_0368,1
arc_1225,structure_0369,1
arc_0768,structure_0370,1
arc_0745,structure_0371,1
arc_0559,structure_0372,1
arc_0806,structure_0373,1
arc_0492,structure_0374,1
arc_0078,structure_0375,1
arc_1285,structure_0376,1
arc_0832,structure_0377,1
arc_1163,structure_0378,1
arc_1076,structure_0379,1
arc_0375,structure_0380,1
arc_0932,structure_0381,1
arc_0425,structure_0382,1
arc_0132,structure_0383,1
arc_0299,structure_0384,1
arc_0383,structure_0385,1
arc_0263,structure_0386,1
arc_0131,structure_0387,1
arc_0438,structure_0388,1
arc_0231,structure_0389,1
arc_0933,structure_0390,1
arc_1226,structure_0391,1
arc_0063,structure_0392,1
arc_1175,structure_0393,1
arc_0876,structure_0394,1
arc_0614,structure_0395,1
arc_0648,structure_0396,1
arc_0647,structure_0396,0
arc_0251,structure_0397,1
arc_0344,structure_0398,1
arc_1310,structure_0399,1
arc_0192,structure_0400,1
arc_0728,structure_0401,1
arc_0846,structure_0402,1
arc_1245,structure_0403,1
arc_0941,structure_0404,1
arc_0482,structure_0405,1
arc_0038,structure_0406,1
arc_0025,structure_0407,1
arc_0042,structure_0408,1
arc_0346,structure_0409,1
arc_0122,structure_0410,1
arc_0399,structure_0411,1
arc_0974,structure_0412,1
arc_0431,structure_0413,1
arc_0834,structure_0414,1
arc_1167,structure_0415,1
arc_0649,structure_0415,0
arc_0056,structure_0416,1
arc_0868,structure_0417,1
arc_0378,structure_0418,1
arc_0922,structure_0419,1
arc_0369,structure_0420,1
arc_1044,structure_0421,1
arc_0052,structure_0422,1
arc_1209,structure_0423,1
arc_1210,structure_0423,0
arc_0384,structure_0424,1
arc_0686,structure_0425,1
arc_1152,structure_0426,1
arc_0815,structure_0427,1
arc_0991,structure_0428,1
arc_0800,structure_0429,1
arc_0854,structure_0430,1
arc_1211,structure_0431,1
arc_0115,structure_0432,1
arc_0919,structure_0433,1
arc_0237,structure_0434,1
arc_0713,structure_0435,1
arc_0791,structure_0436,1
arc_0502,structure_0437,1
arc_0385,structure_0438,1
arc_1179,structure_0439,1
arc_1061,structure_0440,1
arc_0439,structure_0441,1
arc_0940,structure_0442,1
arc_0250,structure_0443,1
arc_0877,structure_0444,1
arc_1136,structure_0445,1
arc_0459,structure_0446,1
arc_0342,structure_0447,1
arc_0773,structure_0448,1
arc_1089,structure_0449,1
arc_1154,structure_0450,1
arc_1026,structure_0451,1
arc_0630,structure_0452,1
arc_0887,structure_0453,1
arc_0159,structure_0454,1
arc_1110,structure_0455,1
arc_0005,structure_0456,1
arc_0004,structure_0456,0
arc_0619,structure_0457,1
arc_0612,structure_0458,1
arc_0956,structure_0459,1
arc_0468,structure_0460,1
arc_1312,structure_0461,1
arc_0432,structure_0462,1
arc_1071,structure_0463,1
arc_1100,structure_0464,1
arc_0408,structure_0465,1
arc_0045,structure_0466,1
arc_0296,structure_0467,1
arc_0577,structure_0468,1
arc_0853,structure_0469,1
arc_1180,structure_0470,1
arc_0374,structure_0471,1
arc_0007,structure_0472,1
arc_0130,structure_0472,0
arc_0917,structure_0473,1
arc_0157,structure_0474,1
arc_0372,structure_0475,1
arc_1279,structure_0476,1
arc_0765,structure_0477,1
arc_0203,structure_0478,1
arc_0072,structure_0479,1
arc_0367,structure_0480,1
arc_0764,structure_0481,1
arc_1251,structure_0482,1
arc_1151,structure_0483,1
arc_0718,structure_0484,1
arc_1158,structure_0485,1
arc_0259,structure_0486,1
arc_0903,structure_0487,1
arc_0455,structure_0488,1
arc_1157,structure_0489,1
arc_1000,structure_0490,1
arc_0999,structure_0490,0
arc_1144,structure_0491,1
arc_1068,structure_0492,1
arc_0484,structure_0493,1
arc_0662,structure_0494,1
arc_1102,structure_0495,1
arc_1025,structure_0496,1
arc_0966,structure_0497,1
arc_1017,structure_0498,1
arc_0929,structure_0499,1
arc_1113,structure_0500,1
arc_0732,structure_0501,1
arc_0926,structure_0502,1
arc_0976,structure_0503,1
arc_0376,structure_0504,1
arc_1138,structure_0505,1
arc_0855,structure_0506,1
arc_0194,structure_0507,1
arc_1137,structure_0508,1
arc_0708,structure_0509,1
arc_0988,structure_0510,1
arc_0665,structure_0511,1
arc_0043,structure_0512,1
arc_0902,structure_0513,1
arc_0770,structure_0514,1
arc_1290,structure_0515,1
arc_0460,structure_0516,1
arc_1282,structure_0517,1
arc_1302,structure_0518,1
arc_1115,structure_0519,1
arc_0735,structure_0520,1
arc_1198,structure_0521,1
arc_0349,structure_0522,1
arc_0512,structure_0523,1
arc_1133,structure_0524,1
arc_0298,structure_0525,1
arc_0965,structure_0526,1
arc_0222,structure_0527,1
arc_0782,structure_0528,1
arc_0398,structure_0529,1
arc_0358,structure_0530,1
arc_0330,structure_0531,1
arc_1097,structure_0532,1
arc_0191,structure_0533,1
arc_0529,structure_0534,1
arc_0088,structure_0535,1
arc_0627,structure_0536,1
arc_1028,structure_0537,1
arc_1172,structure_0538,1
arc_0080,structure_0539,1
arc_0538,structure_0540,1
arc_0018,structure_0541,1
arc_0503,structure_0542,1
arc_0024,structure_0543,1
arc_1046,structure_0544,1
arc_0368,structure_0545,1
arc_0604,structure_0546,1
arc_1117,structure_0547,1
arc_0079,structure_0548,1
arc_1139,structure_0549,1
arc_0759,structure_0550,1
arc_0973,structure_0551,1
arc_0508,structure_0552,1
arc_1033,structure_0553,1
arc_0146,structure_0554,1
arc_0169,structure_0555,1
arc_1049,structure_0556,1
arc_1249,structure_0557,1
arc_0386,structure_0558,1
arc_0566,structure_0559,1
arc_1293,structure_0560,1
arc_0059,structure_0561,1
arc_0338,structure_0562,1
arc_1317,structure_0563,1
arc_0621,structure_0564,1
arc_0678,structure_0565,1
arc_0967,structure_0566,1
arc_0836,structure_0567,1
arc_0692,structure_0568,1
arc_0335,structure_0569,1
arc_1308,structure_0570,1
arc_0590,structure_0571,1
arc_0161,structure_0572,1
arc_0867,structure_0573,1
arc_0464,structure_0574,1
arc_1029,structure_0575,1
arc_0084,structure_0576,1
arc_1135,structure_0577,1
arc_0843,structure_0578,1
arc_0478,structure_0579,1
arc_0391,structure_0580,1
arc_1050,structure_0581,1
arc_0129,structure_0582,1
arc_0970,structure_0583,1
arc_0808,structure_0584,1
arc_0167,structure_0585,1
arc_1307,structure_0586,1
arc_0530,structure_0587,1
arc_1316,structure_0588,1
arc_0580,structure_0589,1
arc_1020,structure_0590,1
arc_0401,structure_0591,1
arc_0264,structure_0592,1
arc_0450,structure_0593,1
arc_0331,structure_0594,1
arc_0561,structure_0595,1
arc_0539,structure_0596,1
arc_1314,structure_0597,1
arc_1199,structure_0598,1
arc_0644,structure_0599,1
arc_0883,structure_0600,1
arc_0898,structure_0601,1
arc_0144,structure_0602,1
arc_0786,structure_0603,1
arc_0377,structure_0604,1
arc_0669,structure_0605,1
arc_0109,structure_0606,1
arc_0163,structure_0607,1
arc_0993,structure_0608,1
arc_0193,structure_0609,1
arc_0452,structure_0610,1
arc_0702,structure_0611,1
arc_0890,structure_0612,1
arc_0900,structure_0613,1
arc_1217,structure_0614,1
arc_0075,structure_0615,1
arc_0798,structure_0616,1
arc_0671,structure_0617,1
arc_1106,structure_0618,1
arc_0995,structure_0619,1
arc_0334,structure_0620,1
arc_0850,structure_0621,1
arc_1147,structure_0622,1
arc_0543,structure_0623,1
arc_1101,structure_0624,1
arc_0105,structure_0625,1
arc_1015,structure_0626,1
arc_0918,structure_0627,1
arc_0712,structure_0628,1
arc_0266,structure_0629,1
arc_1275,structure_0630,1
arc_0944,structure_0631,1
arc_1009,structure_0632,1
arc_1156,structure_0633,1
arc_0811,structure_0634,1
arc_1207,structure_0635,1
arc_0220,structure_0636,1
arc_1223,structure_0637,1
arc_0465,structure_0638,1
arc_1176,structure_0639,1
arc_0340,structure_0640,1
arc_0332,structure_0640,0
arc_0290,structure_0641,1
arc_0268,structure_0642,1
arc_0355,structure_0643,1
arc_0446,structure_0644,1
arc_0064,structure_0645,1
arc_0198,structure_0646,1
arc_0175,structure_0647,1
arc_0862,structure_0648,1
arc_0863,structure_0648,0
arc_0092,structure_0649,1
arc_1170,structure_0650,1
arc_1109,structure_0651,1
arc_0240,structure_0652,1
arc_0021,structure_0653,1
arc_0053,structure_0654,1
arc_0359,structure_0655,1
arc_1218,structure_0656,1
arc_0928,structure_0657,1
arc_0448,structure_0658,1
arc_0010,structure_0659,1
arc_0609,structure_0660,1
arc_0245,structure_0661,1
arc_0246,structure_0661,0
arc_0829,structure_0662,1
arc_0485,structure_0663,1
arc_1082,structure_0664,1
arc_0812,structure_0665,1
arc_1278,structure_0666,1
arc_0189,structure_0667,1
arc_1129,structure_0668,1
arc_0357,structure_0669,1
arc_1299,structure_0670,1
arc_0214,structure_0671,1
arc_0534,structure_0672,1
arc_0891,structure_0673,1
arc_0463,structure_0674,1
arc_0952,structure_0675,1
arc_0234,structure_0676,1
arc_0230,structure_0677,1
arc_0556,structure_0678,1
arc_0675,structure_0679,1
arc_0116,structure_0680,1
arc_1191,structure_0681,1
arc_1070,structure_0682,1
arc_0196,structure_0683,1
arc_0098,structure_0684,1
arc_0751,structure_0685,1
arc_0100,structure_0686,1
arc_1134,structure_0687,1
arc_0523,structure_0688,1
arc_0535,structure_0689,1
arc_0643,structure_0690,1
arc_0531,structure_0691,1
arc_0638,structure_0692,1
arc_1114,structure_0693,1
arc_0661,structure_0694,1
arc_0457,structure_0695,1
arc_0011,structure_0696,1
arc_0476,structure_0697,1
arc_0721,structure_0698,1
arc_1048,structure_0699,1
arc_1194,structure_0700,1
arc_0489,structure_0701,1
arc_0714,structure_0702,1
arc_0927,structure_0703,1
arc_0125,structure_0704,1
arc_1265,structure_0705,1
arc_0076,structure_0706,1
arc_0819,structure_0707,1
arc_0997,structure_0708,1
arc_1286,structure_0709,1
arc_0939,structure_0710,1
arc_1230,structure_0711,1
arc_0226,structure_0712,1
arc_0727,structure_0713,1
arc_1159,structure_0714,1
arc_0882,structure_0715,1
arc_0233,structure_0716,1
arc_0722,structure_0717,1
arc_0837,structure_0718,1
arc_0552,structure_0719,1
arc_1087,structure_0720,1
arc_0410,structure_0721,1
arc_1032,structure_0722,1
arc_0430,structure_0723,1
arc_0822,structure_0724,1
arc_0364,structure_0725,1
arc_0449,structure_0726,1
arc_1041,structure_0727,1
arc_1212,structure_0728,1
arc_1268,structure_0729,1
arc_0794,structure_0730,1
arc_0413,structure_0731,1
arc_0541,structure_0732,1
arc_1090,structure_0733,1
arc_0750,structure_0734,1
arc_0181,structure_0735,1
arc_0180,structure_0735,0
arc_0499,structure_0736,1
arc_0097,structure_0737,1
arc_0089,structure_0738,1
arc_1149,structure_0739,1
arc_0012,structure_0740,1
arc_0417,structure_0741,1
arc_0827,structure_0742,1
arc_0150,structure_0743,1
arc_1281,structure_0744,1
arc_0923,structure_0745,1
arc_0396,structure_0746,1
arc_0659,structure_0747,1
arc_0081,structure_0748,1
arc_0202,structure_0749,1
arc_0418,structure_0750,1
arc_1252,structure_0751,1
arc_0972,structure_0752,1
arc_0496,structure_0753,1
arc_0039,structure_0754,1
arc_0474,structure_0755,1
arc_0362,structure_0756,1
arc_0599,structure_0757,1
arc_0942,structure_0758,1
arc_0387,structure_0759,1
arc_1271,structure_0760,1
arc_0657,structure_0761,1
arc_0451,structure_0762,1
arc_0749,structure_0763,1
arc_0249,structure_0764,1
arc_1127,structure_0765,1
arc_0467,structure_0766,1
arc_0006,structure_0767,1
arc_0839,structure_0768,1
arc_1001,structure_0769,1
arc_0573,structure_0770,1
arc_0824,structure_0771,1
arc_0968,structure_0772,1
arc_1120,structure_0773,1
arc_0857,structure_0774,1
arc_0848,structure_0775,1
arc_0494,structure_0776,1
arc_0260,structure_0777,1
arc_0989,structure_0778,1
arc_1077,structure_0779,1
arc_1267,structure_0780,1
arc_0068,structure_0781,1
arc_0200,structure_0782,1
arc_0032,structure_0783,1
arc_0734,structure_0784,1
arc_1112,structure_0785,1
arc_1229,structure_0786,1
arc_0470,structure_0787,1
arc_1283,structure_0788,1
arc_0003,structure_0789,1
arc_0841,structure_0790,1
arc_1294,structure_0791,1
arc_0047,structure_0792,1
arc_1254,structure_0793,1
arc_1216,structure_0794,1
arc_0117,structure_0795,1
arc_1224,structure_0796,1
arc_0258,structure_0797,1
arc_0219,structure_0798,1
arc_1287,structure_0799,1
arc_1296,structure_0800,1
arc_0961,structure_0801,1
arc_0894,structure_0802,1
arc_1263,structure_0803,1
arc_0065,structure_0804,1
arc_0948,structure_0805,1
arc_0957,structure_0806,1
arc_0958,structure_0806,0
arc_0879,structure_0807,1
arc_1024,structure_0808,1
arc_0348,structure_0809,1
arc_1130,structure_0810,1
arc_0520,structure_0811,1
arc_0108,structure_0812,1
arc_0810,structure_0813,1
arc_0676,structure_0814,1
arc_0517,structure_0815,1
arc_0382,structure_0816,1
arc_0658,structure_0817,1
arc_0545,structure_0818,1
arc_0427,structure_0819,1
arc_0133,structure_0820,1
arc_1277,structure_0821,1
arc_0201,structure_0822,1
arc_0165,structure_0823,1
arc_0168,structure_0824,1
arc_0017,structure_0825,1
arc_0388,structure_0826,1
arc_0350,structure_0827,1
arc_0014,structure_0828,1
arc_0711,structure_0829,1
arc_0280,structure_0830,1
arc_0224,structure_0831,1
arc_0936,structure_0832,1
arc_0776,structure_0833,1
arc_1188,structure_0834,1
arc_0069,structure_0835,1
arc_0564,structure_0836,1
arc_0996,structure_0837,1
arc_0617,structure_0838,1
arc_0393,structure_0839,1
arc_0363,structure_0840,1
arc_0454,structure_0841,1
arc_1247,structure_0842,1
arc_0930,structure_0843,1
arc_0525,structure_0844,1
arc_0689,structure_0845,1
arc_0579,structure_0846,1
arc_0971,structure_0847,1
arc_0153,structure_0848,1
arc_0295,structure_0849,1
arc_0051,structure_0850,1
arc_0009,structure_0851,1
arc_1118,structure_0852,1
arc_0190,structure_0853,1
arc_1080,structure_0854,1
arc_0229,structure_0855,1
arc_0905,structure_0856,1
arc_1243,structure_0857,1
arc_0596,structure_0858,1
arc_1232,structure_0859,1
arc_1186,structure_0860,1
arc_0241,structure_0861,1
arc_0772,structure_0862,1
arc_0842,structure_0863,1
arc_0509,structure_0864,1
arc_0033,structure_0865,1
arc_1051,structure_0866,1
arc_1274,structure_0867,1
arc_1062,structure_0868,1
arc_1311,structure_0869,1
arc_0809,structure_0870,1
arc_0294,structure_0871,1
arc_1219,structure_0872,1
arc_1096,structure_0873,1
arc_1059,structure_0874,1
arc_0066,structure_0875,1
arc_1125,structure_0876,1
arc_0549,structure_0877,1
arc_0406,structure_0878,1
arc_0637,structure_0879,1
arc_0909,structure_0880,1
arc_0872,structure_0881,1
arc_0360,structure_0882,1
arc_0691,structure_0883,1
arc_1021,structure_0884,1
arc_0524,structure_0885,1
arc_0236,structure_0886,1
arc_0409,structure_0887,1
arc_0975,structure_0888,1
arc_1200,structure_0889,1
arc_0700,structure_0890,1
arc_0893,structure_0891,1
arc_0624,structure_0892,1
arc_0123,structure_0893,1
arc_0504,structure_0894,1
arc_0086,structure_0895,1
arc_0826,structure_0896,1
arc_1010,structure_0897,1
arc_1155,structure_0898,1
arc_1184,structure_0899,1
arc_0784,structure_0900,1
arc_0060,structure_0901,1
arc_0583,structure_0902,1
arc_0742,structure_0903,1
arc_0694,structure_0904,1
arc_0964,structure_0905,1
arc_1084,structure_0906,1
arc_0653,structure_0907,1
arc_0664,structure_0908,1
arc_0733,structure_0909,1
arc_1131,structure_0910,1
arc_0548,structure_0911,1
arc_0345,structure_0912,1
arc_1122,structure_0913,1
arc_0925,structure_0914,1
arc_0984,structure_0915,1
arc_0731,structure_0916,1
arc_0205,structure_0917,1
arc_0690,structure_0918,1
arc_0620,structure_0919,1
arc_0557,structure_0920,1
arc_1058,structure_0921,1
arc_0814,structure_0922,1
arc_0656,structure_0923,1
arc_0615,structure_0924,1
arc_1215,structure_0925,1
arc_0197,structure_0926,1
arc_0924,structure_0927,1
arc_0339,structure_0928,1
arc_0104,structure_0929,1
arc_1002,structure_0930,1
arc_0642,structure_0931,1
arc_0870,structure_0932,1
arc_1298,structure_0933,1
arc_1085,structure_0934,1
arc_1086,structure_0934,0
arc_0943,structure_0935,1
arc_0730,structure_0936,1
arc_1288,structure_0937,1
arc_0616,structure_0938,1
arc_1189,structure_0939,1
arc_0681,structure_0940,1
arc_0572,structure_0941,1
arc_0297,structure_0942,1
arc_0293,structure_0942,0
arc_0696,structure_0943,1
arc_1146,structure_0944,1
arc_0143,structure_0945,1
arc_0937,structure_0946,1
arc_1145,structure_0947,1
arc_0553,structure_0948,1
arc_0569,structure_0948,0
arc_0571,structure_0949,1
arc_0414,structure_0950,1
arc_0881,structure_0951,1
arc_0641,structure_0952,1
arc_0804,structure_0953,1
arc_0381,structure_0954,1
arc_0008,structure_0955,1
arc_0096,structure_0956,1
arc_0244,structure_0957,1
arc_0663,structure_0958,1
arc_0477,structure_0959,1
arc_0124,structure_0960,1
arc_0497,structure_0961,1
arc_0456,structure_0962,1
arc_1027,structure_0963,1
arc_0114,structure_0964,1
arc_0838,structure_0965,1
arc_0736,structure_0966,1
arc_0519,structure_0967,1
arc_1305,structure_0968,1
arc_0242,structure_0969,1
arc_1258,structure_0970,1
arc_0365,structure_0971,1
arc_0253,structure_0972,1
arc_0581,structure_0973,1
arc_0628,structure_0974,1
arc_0831,structure_0975,1
arc_0704,structure_0976,1
arc_0074,structure_0977,1
arc_0030,structure_0978,1
arc_0302,structure_0979,1
arc_0904,structure_0980,1
arc_0792,structure_0981,1
arc_1045,structure_0982,1
arc_0775,structure_0983,1
arc_0738,structure_0984,1
arc_0588,structure_0985,1
arc_0793,structure_0986,1
arc_1034,structure_0987,1
arc_1150,structure_0988,1
arc_0555,structure_0989,1
arc_0629,structure_0990,1
arc_0633,structure_0991,1
arc_0935,structure_0992,1
arc_1295,structure_0993,1
arc_0833,structure_0994,1
arc_0587,structure_0995,1
arc_0527,structure_0995,0
arc_0774,structure_0996,1
arc_0913,structure_0997,1
arc_0985,structure_0998,1
arc_1169,structure_0999,1
arc_1309,structure_1000,1
arc_1060,structure_1001,1
arc_0082,structure_1002,1
arc_1259,structure_1003,1
arc_1300,structure_1004,1
arc_0243,structure_1005,1
arc_0739,structure_1006,1
arc_0261,structure_1007,1
arc_0679,structure_1008,1
arc_0514,structure_1009,1
arc_1008,structure_1010,1
arc_0300,structure_1011,1
arc_0303,structure_1011,0
arc_0959,structure_1012,1
arc_0931,structure_1013,1
arc_0874,structure_1014,1
arc_0546,structure_1015,1
arc_0880,structure_1016,1
arc_1201,structure_1017,1
arc_0054,structure_1018,1
arc_1072,structure_1019,1
arc_0585,structure_1020,1
arc_0287,structure_1021,1
arc_1178,structure_1022,1
arc_0597,structure_1023,1
arc_1018,structure_1024,1
arc_1231,structure_1025,1
arc_0316,structure_1026,1
arc_0805,structure_1027,1
arc_0907,structure_1028,1
arc_0589,structure_1029,1
arc_0151,structure_1030,1
arc_0271,structure_1031,1
arc_0672,structure_1032,1
arc_0273,structure_1033,1
arc_0121,structure_1034,1
arc_1094,structure_1035,1
arc_0195,structure_1036,1
arc_1276,structure_1037,1
arc_0532,structure_1038,1
arc_0403,structure_1039,1
arc_0861,structure_1040,1
arc_0286,structure_1041,1
arc_1208,structure_1042,1
arc_0603,structure_1043,1
arc_0823,structure_1044,1
arc_1055,structure_1045,1
arc_0830,structure_1046,1
arc_1227,structure_1047,1
arc_0613,structure_1048,1
arc_0113,structure_1049,1
arc_0507,structure_1050,1
arc_1272,structure_1051,1
arc_0954,structure_1052,1
arc_1142,structure_1053,1
arc_1164,structure_1054,1
arc_0128,structure_1055,1
arc_0895,structure_1056,1
arc_0866,structure_1057,1
arc_0634,structure_1058,1
arc_0916,structure_1059,1
arc_1042,structure_1060,1
arc_1244,structure_1061,1
arc_0914,structure_1062,1
arc_0540,structure_1063,1
arc_0602,structure_1064,1
arc_1260,structure_1065,1
arc_0567,structure_1066,1
arc_0395,structure_1067,1
arc_0429,structure_1068,1
arc_0487,structure_1069,1
arc_0526,structure_1070,1
arc_0516,structure_1071,1
arc_1099,structure_1072,1
arc_0019,structure_1073,1
arc_0611,structure_1074,1
arc_1269,structure_1075,1
arc_0797,structure_1076,1
arc_0873,structure_1077,1
arc_0204,structure_1078,1
arc_0528,structure_1079,1
arc_0333,structure_1080,1
arc_0741,structure_1081,1
arc_0986,structure_1082,1
arc_1140,structure_1083,1
arc_0270,structure_1084,1
arc_0766,structure_1085,1
arc_0717,structure_1086,1
arc_0816,structure_1087,1
arc_0000,structure_1088,1
arc_0048,structure_1088,0
arc_0840,structure_1089,1
arc_0486,structure_1090,1
arc_0953,structure_1091,1
arc_0595,structure_1092,1
arc_0521,structure_1093,1
arc_0091,structure_1094,1
arc_1204,structure_1095,1
arc_0639,structure_1096,1
arc_0411,structure_1097,1
arc_0149,structure_1098,1
arc_0631,structure_1099,1
arc_1053,structure_1100,1
arc_0701,structure_1101,1
arc_0632,structure_1102,1
arc_0568,structure_1103,1
arc_0288,structure_1104,1
arc_0510,structure_1105,1
arc_0495,structure_1106,1
arc_1256,structure_1107,1
arc_1075,structure_1108,1
arc_0744,structure_1109,1
arc_0947,structure_1110,1
arc_0148,structure_1111,1
arc_0911,structure_1112,1
arc_0746,structure_1113,1
arc_0206,structure_1114,1
arc_0960,structure_1115,1
arc_1261,structure_1116,1
arc_1270,structure_1117,1
arc_0558,structure_1118,1
arc_0598,structure_1119,1
arc_0118,structure_1120,1
arc_0789,structure_1121,1
arc_0740,structure_1122,1
arc_0582,structure_1123,1
arc_0906,structure_1124,1
arc_1292,structure_1125,1
arc_0020,structure_1126,1
arc_1066,structure_1127,1
arc_0301,structure_1128,1
arc_0670,structure_1129,1
arc_1262,structure_1130,1
arc_1255,structure_1131,1
arc_0262,structure_1132,1
arc_0405,structure_1133,1
arc_1057,structure_1134,1
arc_0962,structure_1135,1
arc_0085,structure_1136,1
arc_1257,structure_1137,1
arc_0856,structure_1138,1
arc_0912,structure_1139,1
arc_0127,structure_1140,1
arc_0969,structure_1141,1
arc_0724,structure_1142,1
arc_0040,structure_1143,1
arc_0223,structure_1144,1
arc_0601,structure_1145,1
arc_0207,structure_1146,1
arc_0888,structure_1147,1
arc_0493,structure_1148,1
arc_0269,structure_1149,1
arc_0729,structure_1150,1
arc_0055,structure_1151,1
arc_1238,structure_1152,1
arc_0706,structure_1153,1
arc_0677,structure_1154,1
arc_0684,structure_1155,1
arc_1266,structure_1156,1
arc_0511,structure_1157,1
arc_0077,structure_1158,1
arc_1111,structure_1159,1
arc_0562,structure_1160,1
arc_0743,structure_1161,1
arc_1069,structure_1162,1
arc_0147,structure_1163,1
arc_1143,structure_1164,1
arc_0709,structure_1165,1
arc_0272,structure_1166,1
arc_0550,structure_1167,1
arc_0817,structure_1168,1
arc_0537,structure_1169,1
arc_0668,structure_1170,1
arc_0869,structure_1171,1
arc_0626,structure_1172,1
arc_0703,structure_1173,1
arc_1074,structure_1174,1
arc_0693,structure_1175,1
arc_0938,structure_1176,1
arc_0610,structure_1177,1
arc_1237,structure_1178,1
arc_0635,structure_1179,1
arc_0046,structure_1180,1
arc_0623,structure_1181,1
arc_1239,structure_1182,1
arc_0257,structure_1183,1
arc_0622,structure_1184,1
arc_0554,structure_1185,1
arc_0667,structure_1186,1
arc_0481,structure_1187,1
arc_1054,structure_1188,1
arc_0803,structure_1189,1
arc_0252,structure_1190,1
arc_1073,structure_1191,1
arc_0001,structure_1192,1
arc_0049,structure_1192,0
arc_0498,structure_1193,1
arc_0716,structure_1194,1
arc_0462,structure_1195,1
arc_0120,structure_1196,1
arc_0402,structure_1197,1
arc_0277,structure_1198,1
arc_1297,structure_1199,1
arc_0705,structure_1200,1
arc_0119,structure_1201,1
arc_0490,structure_1202,1
arc_0946,structure_1203,1
arc_0156,structure_1204,1
arc_0050,structure_1205,1
arc_0983,structure_1206,1
arc_1047,structure_1207,1
arc_0802,structure_1208,1
arc_1303,structure_1209,1
arc_0901,structure_1210,1
arc_1016,structure_1211,1
arc_0875,structure_1212,1
arc_0488,structure_1213,1
arc_0920,structure_1214,1
arc_0314,structure_1215,1
arc_0586,structure_1216,1
arc_1228,structure_1217,1
arc_0322,structure_1218,1
arc_1313,structure_1219,1
arc_0397,structure_1220,1
arc_0354,structure_1221,1
arc_0447,structure_1222,1
arc_0318,structure_1223,1
arc_0878,structure_1224,1
arc_0321,structure_1225,1
arc_0319,structure_1226,1
arc_0825,structure_1227,1
arc_0188,structure_1228,1
arc_0565,structure_1229,1
arc_1241,structure_1230,1
arc_0910,structure_1231,1
arc_0781,structure_1232,1
arc_0176,structure_1233,1
arc_0187,structure_1234,1
arc_0570,structure_1235,1
arc_0135,structure_1236,1
arc_0963,structure_1237,1
arc_0536,structure_1238,1
arc_0239,structure_1239,1
arc_0171,structure_1240,1
arc_0029,structure_1241,1
arc_0238,structure_1242,1
arc_0320,structure_1243,1
arc_0170,structure_1244,1
arc_0023,structure_1245,1
arc_0142,structure_1246,1
arc_0134,structure_1247,1
arc_1315,structure_1248,1
arc_0563,structure_1249,1
arc_0141,structure_1250,1
arc_0977,structure_1251,1
arc_1065,structure_1252,1
arc_1063,structure_1253,1
arc_0225,structure_1254,1
arc_0307,structure_1255,1
arc_0285,structure_1256,1
arc_0978,structure_1257,1
arc_0317,structure_1258,1
arc_1003,structure_1259,1
arc_0172,structure_1260,1
arc_1013,structure_1261,1
arc_0329,structure_1262,1
arc_1079,structure_1263,1
arc_0138,structure_1264,1
arc_0179,structure_1265,1
arc_0026,structure_1266,1
arc_0325,structure_1267,1
arc_0182,structure_1268,1
arc_0177,structure_1269,1
arc_0980,structure_1270,1
arc_0028,structure_1271,1
arc_0178,structure_1272,1
arc_0140,structure_1273,1
arc_0328,structure_1274,1
arc_0324,structure_1275,1
arc_0310,structure_1276,1
arc_0139,structure_1277,1
arc_0327,structure_1278,1
arc_1005,structure_1279,1
arc_1011,structure_1280,1
arc_0185,structure_1281,1
arc_1004,structure_1282,1
arc_1012,structure_1283,1
arc_0326,structure_1284,1
arc_0183,structure_1285,1
arc_0184,structure_1286,1
arc_0186,structure_1287,1
arc_0309,structure_1288,1
arc_0311,structure_1289,1
arc_0312,structure_1290,1
arc_0323,structure_1291,1
arc_1014,structure_1292,1
